url,title,lead,content,data,category,tags
https://kulturarb.ru/ba/news/v-ishimbajskom-rajone-vpervye-proshyol-respublikanskij-prazdnik-toratau-jyjyny-copy, Ишембай районында беренсе тапҡыр «Торатау йыйыны» уҙҙы ,Na,"

29 июндә беренсе тапҡыр Башҡортостандың Ишембай районында Торатау итәгендә «Торатау йыйыны» республика байрамы үтте. Байрамда Бөтә донъя башҡорттары ҡоролтайы делегаттары ҡатнаштылар.
Көндөҙ сармат батшабикәһе Зарина тураһында реаль тарихи ваҡиғаларға нигеҙләнгән «Сармат вариҫтары» театрлаштырылған тамашаһы, биҙәү-ҡулланма сәнғәт әйберҙәре күргәҙмә-йәрминкәһе, буҙа ҡайнатыусылар конкурсы, спорт ярыштары, милли уйындар, «Сармат алтынын эҙләү» уйыны, балалар уйындары, «Ылаҡ» күрһәтмә сығыштары, «Мәргән уҡсы» һәм башҡалар уҙҙы.
«Торатау йыйыны» республика фольклор байрамында ҡатнашыусыларҙы, яҡташтарын төбәк етәксеһе Радий Хәбиров сәләмләне. Башҡортостандың етәксеһе Ишембай районы хеҙмәт алдынғыларына юғары наградалар тапшырҙы.

«Сығышымды инде девизға әйләнгән һүҙҙәр менән тамамлайым: ""Алға, Башҡортостан!""» – тине Радий Фәрит улы. 

Концертты Башҡортостандың Милли музыка ҡоралдары оркестрына ҡушылып Башҡортостандың халыҡ артисы Асҡар Абдразаҡов башлады. Халыҡ уны дәррәү алҡыштар менән ҡаршы алды һәм оҙатты.
Киске сәғәт 7-нән байрам ҡунаҡтары өсөн «Арғымаҡ», «Бүреләр», «Ҡурайсы», «Каруанһарай», «Далан», «Бәхетле», «Дан» төркөмдәре, RNT, МС Баш, Милли халыҡ уйын ҡоралдары оркестры һәм башҡа йондоҙҙар ҡатнашлығында Toratau-party концерты булды. Шулай уҡ байрамда 90-сы йылдар башында меңләгән тамашасы йыйған һәм башҡорт рок-музыкаһы үҫешенә этәргес биргән «Дәрүишхан» төркөмө сығыш яһаны. «Торатау йыйыны»нда популяр диджейҙар DJ Khan һәм DJ Fatikh ҡатнаштылар.
Республика фольклор байрамы аҙағына яҡынлашҡас, ҡараңғы төшкәс, барыһы ла лазерлы шоу ҡарарға йыйынды.Тәүҙә сәхнә алдында, аҙаҡ Торатау битләүендә дауам итте ул. Төрлө уттар менән йәнләнгән тау буйлап берсә йылҡы өйөрө сабып үтте, берсә бөркөт талпынды, берсә салют уттары балҡыны...

«Йыйын шул ҡәҙәр матур булды. Берҙәмлек, татыулыҡ мөхите хөкөм һөрә. Халыҡ милли ризыҡтар, эсемлектәр менән һыйланып рәхәтләнде», - тинеләр тамашасылар.

Сығанаҡ: https://kulturarb.ru/ru/news/v-ishimbajskom-rajone-vpervye-proshyol-respublikanskij-prazdnik-toratau-jyjyny 


 ","
	Дүшәмбе, 01 июль 2019",Яңылыҡтар,Na
https://kulturarb.ru/ba/news/bөtә-donya-bashҡorttary-ҡoroltajy-yaңy-rәjese-һajlandy, Бөтә донъя башҡорттары ҡоролтайы яңы рәйесе һайланды ,Na,"

Бөгөн V Бөтә донъя башҡорттары ҡоролтайы барышында ойошманың уставына үҙгәрештәр индерелде. 
 Бығаса устав буйынса президиум юҡ ине. Тауыш биреү һөҙөмтәһендә киләһе биш йыллыҡҡа президиум составы һайланды. Улар – Башҡортостан Дәүләт Йыйылышы – Ҡоролтай рәйесе урынбаҫары Эльвира Айытҡолова, медицина фәндәре докторы Сәлиә Мырҙабаева, башҡорт патриотик хәрәкәте рәйесе Фәнит Моратбаҡыев, Ханты-Манси автономиялы огругындағы ҡоролтай рәйесе Рәүҙәт Ҡолмәнбәтов, актер Хөрмәтулла Үтәшев, Рәсәй Федераль именлек хеҙмәте идаралығының Башҡортостан буйынса етәксеһе урынбаҫары Ғаяз Зарипов.
 Президиум ағзалары бер тауыштан Бөтә донъя башҡорттары ҡоролтайы рәйесенә вазифаһына Эльвира Айытҡолованы һайланы. Билдәле булыуынса, ошоғаса был яуаплы вазифаны Әмир Ишемғолов киткәндән һуң Данир Ғәйнуллин башҡарғайны.
 ","
	Йома, 28 июнь 2019",Яңылыҡтар,Na
https://kulturarb.ru/ba/news/v-ramkah-v-vsemirnogo-kurultaya-bashkir-obsudili-voprosy-razvitiya-bashkirskoj-kultury-i-ee-prodvizheniya-v-globalnoe-kulturnoe-prostranstvo-copy, Бөгөн V Бөтә донъя башҡорттары ҡоролтайы сиктәрендә мәҙәниәт һәм сәнғәт секцияһы үткәрелде ,Na,"

Өфөлә, «Торатау» конгрес-холында, V Бөтә донъя башҡорттары ҡоролтайы — башҡорт халҡының бар донъянан йыйылған вәкилдәренең йыйыны уҙҙы. Тарихи милли форум 1995 йылдан алып ойошторола. Маҡсаты — башҡорт халҡын берләштереү, этномәҙәни үҫтереү, милли берҙәйлекте һаҡлау, башҡорттарҙың үҙенсәлекле мәҙәниәтен үҫтереү. Сараны Башҡортостан Хөкүмәте булышлығында Бөтә донъя башҡорттары ҡоролтайы (конгресс) йәмәғәт ойошмаларының халыҡ-ара берлеге үткәрә.
V ҡоролтайҙа халыҡ араһынан һайланған 600-ҙән ашыу делегат ҡатнаша, уларҙың яртыһы тиерлек — республикала, 157-һе Рәсәй төбәктәрендә йәшәй. Башҡорт халҡының 50 вәкиле тарихи ватанына 21 илдән — АҠШ-тан, Швейцариянан, Голландиянан, Монаконан, Израилдән, Латвиянан һәм башҡа илдәрҙән килгән.
Йыйындың көн тәртибендәге төп мәсьәлә — 2050 йылға халыҡтың киләсәген күҙаллауҙы формалаштырған Башҡорт халҡының үҫеш стратегияһы концепцияһын раҫлау. Стратегияның сайтында документҡа тәҡдимдәр индерергә була.
Ҡоролтай эшендә Башҡортостан Башлығы вазифаһын ваҡытлыса башҡарыусы Радий Хәбиров ҡатнашты. Ҡунаҡ сифатында Рәсәй Федерацияһы Президенты хакимиәте етәксеһенең милләт-ара мөнәсәбәттәр буйынса урынбаҫары Магомедсалам Магомедов, Милләттәр эштәре буйынса федераль агентлыҡ етәксеһе Игорь Баринов, Рәсәй Федераль Йыйылышының Федерация Советы ағзалары Лилиә Ғүмәрова һәм Ирек Ялалов саҡырылды.
Бөгөн, V Бөтә донъя башҡорттары ҡоролтайы сиктәрендә, мәҙәниәт һәм сәнғәт секцияһы үткәрелде. Секцияны Башҡортостан Республикаһының мәҙәниәт министры Әминә Шафиҡова алып барҙы.
Секцияла ниндәй һорауҙар күтәрелде беҙҙең мәҡәләлә уҡығыҙ: В рамках V Всемирного курултая башкир обсудили вопросы развития башкирской культуры и ее продвижения в глобальное культурное пространство.

 ","
	Йома, 28 июнь 2019",Яңылыҡтар,Na
https://kulturarb.ru/ba/news/v-ufe-torzhestvenno-otkryli-pamyatnik-shajhzade-babichu-copy, Бөгөн Өфөлә Шәйехзада Бабичҡа һәйкәл асылды ,Na,"

Бөгөн Өфөлә, V Бөтә донъя башҡорттары ҡоролтайы барышында, Башҡорт автономияһына нигеҙ һалыусыларҙың береһе, бөйөк шағир һәм йәмәғәт эшмәкәре Шәйехзада Бабичҡа һәйкәл асылды.
Бабич һәйкәлен асыу унда ҡатнашыусылар өсөн быуындар осрашыуы булды тиергә мөмкин. Башҡортостан Башлығы вазифаһын ваҡытлыса башҡарыусы Радий Хәбиров, Республика етәкселеге вәкилдәре, Башҡорт ҡоролтайы аҡһаҡалдары, билдәле йәмәғәт эшмәкәрҙәре менән бергә тантанала студенттар, әүҙем йәштәр, эргә-тирәләге йорттарҙа йәшәүселәр ҡатнашты.

«Хәҙер Башҡортостан бөтә донъя менән осрашҡан төп конгресс майҙансығында шағир һыны тора. Ул беҙҙе тотош республикабыҙ һәм уның күп милләтле халҡының мәнфәғәте өсөн изге эштәргә дәртләндерер. Бөгөн мин Бөтә донъя башҡорттары ҡоролтайына көсөбөҙҙө берләштерергә, тыуған төйәгебеҙҙе нығытыуҙа мөһим аҙымдар яһарға тигән тәҡдим индерҙем. Йөҙ йыл элек Шәйехзада Бабич тап ошондай көслө һәм берҙәм Башҡортостан өсөн ғүмерен биргән дә инде. Бабич ғәҙелһеҙлекте фашлаған талантлы һүҙ оҫтаһы булып халыҡ хәтерендә ҡалған. Беҙҙең, уның тоҡомдары өсөн Бабич тауышы әүәлгесә йөрәгебеҙҙә яңғырай һәм беҙ Башҡортостандың шәп ул-ҡыҙҙарының эшен лайыҡлы дауам итеү өсөн барыһын да эшләрбеҙ! Беҙ бергә! Алға, Башҡортостан!», — тине республика етәксеһе.

Бронзанан ҡойолған алты метрлыҡ Бабич һыны Зәки Вәлиди урамында, Телеүҙәк алдында тора. Ижади концепцияны Башҡортостандың халыҡ шағиры Мостай Кәрим һәйкәле авторы булараҡ билдәле скульптор, Рәсәйҙең халыҡ рәссамы Андрей Ковальчук тормошҡа ашырған.

«Бына бер нисә йыл инде Өфөлә эшләйем һәм минең һәр эшем — тормошта эҙ. Рәссамға теге йәки был заман һулышына тап килгән образ тыуҙырыу мөһим. Шәйехзада Бабич образы менән дә шулай булды. Әлбиттә, уның фажиғәле яҙмышы бер кемде лә битараф ҡалдыра алмай. Үҙ халҡының идеалдары өсөн йәнен фиҙа ҡылған йәш шағирҙы онотмаҫҡа һәм уның менән ғорурланырға кәрәк», — тип билдәләне Андрей Николай улы.

«Башинформ» МА, Олег Яровиков фотоһы.
Сығанаҡ: https://kulturarb.ru/ru/news/v-ufe-torzhestvenno-otkryli-pamyatnik-shajhzade-babichu


 ","
	Йома, 28 июнь 2019",Яңылыҡтар,Na
https://kulturarb.ru/ba/news/ajrat-abushahmanov-mғafuri-is-bashҡort-akademiya-drama-teatrynyң-bash-rezhissery, Айрат Абушахманов – М.Ғафури ис. Башҡорт академия драма театрының баш режиссеры ,Na,"

Бөгөн, 28 июндә, Мәжит Ғафури исемендәге Башҡорт академия драма театрының директоры вазифаһын башҡарыусы Иршат Фәйзуллин театрҙың коллективына баш режиссерын тәҡдим итте. Яңы вазифаһын Айрат Әхтәм улы Абушахманов башҡара.
Айрат Абушахманов – Башҡортостандың атҡаҙанған сәнғәт эшмәкәре, Д.Сиразиев исемендәге премия лауреаты, Алтын битлек» Рәсәй милли театраль премияһы номинанты.
Айрат Әхтәм улы 1995 йылда Өфө дәүләт сәнғәт институтын тамамлағандан һуң (курстың художество етәксеһе – Р.В.Исрафилов) ижад юлын Мәжит Ғафури исемендәге Башҡорт дәүләт академия драма театрында актер булараҡ башлай.
1998 – 2003 йылдарҙа Рәсәй театр сәнғәте академияһының режиссерлыҡ бүлегендә уҡый (курс етәксеһе — П.О.Хомский, педагогы – В.В.Долгачев). Уҡыу осоронда Айрат Абушахманов режиссер ассистенты сифатында Мәскәүҙең Яңы театрында А.Гельман, Р.Роуз, А.Островский, К.Гольдони һәм башҡа авторҙарҙың әҫәрҙәрен сәхнәгә ҡуйыуҙа ҡатнаша.
2004 йылда А.Абушахманов М.Ғафури исемендәге Башҡорт дәүләт академия драма театрында режиссер булараҡ эш башлай.
 
 ","
	Йома, 28 июнь 2019",Яңылыҡтар,Na
https://kulturarb.ru/ba/news/zөlәjha-kүҙҙәren-asa-spektakle-groznyjҙa-federaciya-bөtә-rәsәj-festivalendә-ҡatnasha, «Зөләйха күҙҙәрен аса» спектакле Грозныйҙа «Федерация» бөтә Рәсәй фестивалендә ҡатнаша ,Na,"

11 – 19 сентябрҙә Чечен Республикаһының Грозный ҡалаһында милли театрҙарҙың «Федерация» бөтә Рәсәй фестивале уҙҙа. Быйыл «Федерация» фестивале беренсе тапҡыр уҙғарыла. 16 сентябрҙә Мәжит Ғафури исемендәге Башҡорт академия драма театры «Зөләйха күҙҙәрен аса» спектаклен  тәҡдим итәсәк.
Ҡуйыусы төркөмдә – режиссеры Айрат Абушахманов, рәссам- яҡтыртыусы Илшат Саяхов, рәссам Альберт Нестеров, пластика Ринат Абушахманов, башҡортсаға тәржемә авторы Хөрмәтулла Үтәшев.
Иҫегеҙгә төшөрәбеҙ, «Зөләйха күҙҙәрен аса» спектакле — Гүзәл Яхинаның «Зөләйха күҙҙәрен аса» романын сәхнәлә уҡыған өсөн» «Алтын битлек» драма театры һәм ҡурсаҡ театры жюрийының беренсе махсус премияһына лайыҡ.
Тулыраҡ: Стала известна программа I Всероссийского фестиваля национальных театров «Федерация».
Рәмис Назмиевтың фотоларын тәҡдим итәбеҙ: https://vk.com/album-151158081_264294426

 
 ","
	Йома, 28 июнь 2019",Яңылыҡтар,Na
https://kulturarb.ru/ba/news/v-moskve-sostoitsya-mezhdunarodnyj-festival-sabantuj-2019-copy, Мәскәүҙә «Һабантуй – 2019» халыҡ-ара фестивале үтә ,Na,"

6 июлдә Мәскәү ҡалаһының «Коломенское» музей-ҡурсаулығында башҡорт һабантуйы үтә. Быйылғы сара республиканың 100 йыллығына арнала.
Кисә, 27 июндә, «Башинформ» мәғлүмәт агентлығы конференц-залында матбуғат конференцияһы уҙҙы. Спикерҙар – Башҡортостан Республикаһының мәҙәниәт министры Әминә Шафиҡова, Башҡортостандың халыҡ артисы Роберт Юлдашев һәм Мәскәү ҡунаҡтары сығыш яһанылар.
Ойоштороуҙар һүҙҙәренсә, илдең баш ҡалаһында йәшәүселәр һәм милләттәштәребеҙ иғтибарына ҙур концерт программаһы тәҡдим ителәсәк. Һабантуй майҙанын халыҡтың көнкүрешен һәм йолаларын сағылдырған тирмәләр биҙәйәсәк, ошонда уҡ халыҡ кәсептәре буйынса оҫталыҡ дәрестәре ойоштороласаҡ, ҡунаҡтарға милли аш-һыу тәҡдим ителәсәк.

«Һабантуй сиктәрендә иң яҡшы музыканттарыбыҙ сығыш яһаясаҡ, этно ихаталар ойошторола», – тине Әминә Ивний ҡыҙы Шафиҡова.

Был юлы республика исеменән Хәйбулла һәм Кушнаренко райондары вәкилдәре сығыш яһай.
Тулыраҡ: В Москве состоится международный фестиваль «Сабантуй 2019»
«Башинформ» МА фотоһы.
 ","
	Йома, 28 июнь 2019",Яңылыҡтар,Na
https://kulturarb.ru/ba/news/oktyabrҙә-hөsәjen-әhmәtov-isemendәge-filarmoniyaһy-asyu-tantanaһyna-saҡyra, Октябрҙә Хөсәйен Әхмәтов исемендәге Филармонияһы асыу тантанаһына саҡыра ,Na,"

3-сө октябрҙә Хөсәйен Әхмәтов исемендәге Башҡорт дәүләт филармонияһы 81-се ижад миҙгелен асыу айҡанлы тамашасыларға ҙур концерт тәҡдим итәсәк. Киске 7-лә башлана.
Филармония сайтты: http://bashgf.ru/  
 ","
	Кесе йома, 27 июнь 2019",Яңылыҡтар,Na
https://kulturarb.ru/ba/news/өfөlә-kөmөsh-aҡbuҙat-halyҡ-ara-kino-festivale-үtә, Өфөлә «Көмөш Аҡбуҙат» халыҡ-ара кино фестивале үтә ,Na,"

Башҡортостан Башлығы вазифаһын ваҡытлыса башҡарыусы Радий Хәбиров Өфөлә «Көмөш Аҡбуҙат» халыҡ-ара кино фестивален үткәреү тураһында бойороҡҡа ҡул ҡуйҙы. Фестиваль 24 – 27 августта үтәсәк.
Быйыл жюри ағзаһы – танылған театр һәм кино актеры, Рәсәй Федерацияһының халыҡ артисы Сергей Шакуров.
Әйткәндәй, конкурс программаһында фильмдар ике номинацияла: социаль һәм мотивация, милли һәм этник кино йүнәлештәрендә планлаштырыла.
Конкурстан тыш программала һуңғы йылдарҙа төшөрөлгән Башҡортостандың уйын һәм анимация ҡыҫҡа метражлы фильмдары, шулай уҡ, Рәсәй һәм сит илдәрҙең документаль картиналары, башҡорт киноһына нигеҙ һалыусы Әмир Абдразаҡовтың фильмдары күрһәтелә.
Сығанаҡ: https://kulturarb.ru/ru/news/zhyuri-iv-mezhdunarodnogo-kinofestivalya-serebryanyj-akbuzat-vozglavit-sergej-shakurov
 ","
	Кесе йома, 27 июнь 2019",Яңылыҡтар,Na
https://kulturarb.ru/ba/news/segodnya-na-scene-bashdramteatra-sostoyalas-premera-spektaklya-bomba-copy, Бөгөн Башҡорт академия драма театры сәхнәһендә «Бомба» премьераһы үтте ,Na,"

Бөгөн, 26 июндә, Мәжит Ғафури исемендәге Башҡорт академия драма театры сәхнәһендә Салауат Әбүзәровтың пьесаһы буйынса «БОМБА» исемле спектаклдең премьераһы үтте. Комедия-фарс жанрындағы спектаклдең режиссеры Фирғәт Ғарипов сәхнәлештерҙе. Әйткәндәй, режиссер булараҡ был уның тәүге эше.

«Шағир, драматург Салауат Әбүзәрҙең пьесаһында миңә тәү сиратта, тема оҡшаны. Беҙ уның менән тексты бик күп тапҡырҙар мөхәрриләнек, хатта яңы геройҙар ҙа индерергә тура килде. Спектакль техник яҡтан ҡатмарлы, уның жанрын фарс тип билдәләргә мөмкин», - ти Фирғәт Ғарипов.

Ижади төркөмдә рәссам Рөстәм Баймөхәмәтов, композитор Вәсил Ғафаров, хореограф Рәмизә Мөхәмәтшина, видеоинженер Роман Пожидаев эшләй.
Спектаклдә Рәсәйҙең атҡаҙанған артисы, Башҡортостандың халыҡ артисы Рәүис Заһитов, Башҡортостандың халыҡ артисы Гүзәл Маликова, Башҡортостандың халыҡ артисы Шәүрә Дилмөхәмәтова-Әхмәҙуллина, Башҡортостандың халыҡ һәм атҡаҙанған артисы Азамат Ғафаров, Башҡортостандың атҡаҙанған артисы Хәким Мортазин, Руслан Хайсаров, Айнур Ситдиҡов, Зилиә Хәлилова, Гөлмирә Исмәғилева, Юлиә Асҡарова, Айҙар Шәмсетдинов ҡатнаша.

«Яратҡан театрыбыҙ  миҙгел һуңында беҙгә тағы бер премьера тәҡдим итте. Билдәле шағир, драматург Салауат Әбүзәрҙең «Бомба» әҫәрен йәш режиссер, беҙгә матур ролдәре менән таныш булған Фирғәт Ғарипов сәхнәләштерҙе. Һәм, әлбиттә, театрыбыҙҙың талантлы, шәп актерҙары беҙгә күңелле ял бүләк итте. Комедия-фарс жанрындағы был тамаша көлдөрә лә, уйландыра ла», – тәьҫораттарын менән тамашасы Алһыу Ишемгулова уртаҡлашты.

 ","
	Шаршамбы, 26 июнь 2019",Яңылыҡтар,Na
https://kulturarb.ru/ba/news/russkij-dramaticheskij-teatr-rb-zavershil-157-j-teatralnyj-sezon-copy, Урыҫ дәүләт академия драма театры сәхнәһендә ябыу тантанаһы үтте  ,Na,"

Башҡортостан Республикаһының Урыҫ дәүләт академия драма театры 157-се ижад миҙгелен япты. Был көндө коллектив тамашасыларға байрам кәйефе бүләк итте. 
19.00 сәғәттә тамашасылар өсөн Урыҫ драма театры «Дом для сумашедших» исемле комедияһын тәҡдим итте. Спектаклдән һуң уҙған миҙгелдәге иң яҡшы ижади эштәре билдәләнде, төрлө цехтарҙың уңған хеҙмәткәрҙәре Маҡтау грамоталары менән бүләкләнде.
Тулыраҡ бында уҡығыҙ: https://kulturarb.ru/ru/news/russkij-dramaticheskij-teatr-rb-zavershil-157-j-teatralnyj-sezon
 ","
	Шаршамбы, 26 июнь 2019",Яңылыҡтар,Na
https://kulturarb.ru/ba/news/toratau-itәgendә-toratau-jyjyny-respublika-bajramy-uҙғaryla, Торатау итәгендә «Торатау йыйыны» республика байрамы уҙғарыла ,Na,"

29 июндә Башҡортостандың Ишембай районы Торатау итәгендә «Торатау йыйыны» республика байрамы уҙғарыла. Сара  көндөҙгө сәғәт 4-тә башлана.
Ошо көндө сармат батшабикәһе Зарина тураһында реаль тарихи ваҡиғаларға нигеҙләнгән «Сармат вариҫтары» театрлаштырылған тамашаһы, биҙәү-ҡулланма сәнғәт әйберҙәре күргәҙмә-йәрминкәһе, буҙа ҡайнатыусылар конкурсы, спорт ярыштары, милли уйындар, «Сармат алтынын эҙләү» уйыны, балалар уйындары, «Ылаҡ» күрһәтмә сығыштары, «Мәргән уҡсы» һәм башҡалар уҙғарыла.
Киске сәғәт 7-нән байрам ҡунаҡтары өсөн «Арғымаҡ», «Бүреләр», «Ҡурайсы», «Каруанһарай», «Далан», «Бәхетле», «Дан» төркөмдәре, RNT, МС Баш, Милли халыҡ уйын ҡоралдары оркестры һәм башҡа йондоҙҙар ҡатнашлығында Toratau-party концерты була.
Байрамда 90-сы йылдар башында меңләгән тамашасы йыйған һәм башҡорт рок-музыкаһы үҫешенә этәргес биргән «Дәрүишхан» төркөмөнөң сәхнәгә ҡайтыуын күрергә мөмкин.«Торатау йыйыны» популяр диджейҙар DJ Khan һәм DJ Fatikh ҡатнашлығында йәштәр дискотекаһы менән тамамлана.
Сығанаҡ: https://kulturarb.ru/ru/news/u-podnozhiya-gory-toratau-sostoitsya-respublikanskij-prazdnik-toratau-jyjyny
 
 ","
	Шаршамбы, 26 июнь 2019",Яңылыҡтар,Na
https://kulturarb.ru/ba/news/өfөlә-zamansa-sәnғәt-үҙәge-barlyҡҡa-kilә, Өфөлә Заманса сәнғәт үҙәге барлыҡҡа килә ,Na,"

Үҙәк эшмәкәрлеге республикала музей-экспозиция эшенең яңы йүнәлеше булыр тип көтөлә. Бында донья музейҙары әҫәрҙәренән экспозициялар ойоштороу күҙаллана.
Башҡортостан башлығы вазифаһын ваҡытлыса башҡарыусы Радий Хәбиров билдәләүенсә, үҙәк бинаһы үҙ стиле, заманса булыуы менән айырылып торорға һәм ҡаланың архитектура йөҙөнә тап килергә тейеш.
Сығанаҡ: https://bash.news/news/99240_fl_zamansa_snt_ge_barlya_kil?lang=bash
 ","
	Шаршамбы, 26 июнь 2019",Яңылыҡтар,Na
https://kulturarb.ru/ba/news/v-avstrijskoj-respublike-prohodit-prazdnik-sabantuj-copy, Австрия Республикаһында «Һабантуй» байрамы уҙҙы ,Na,"

Кисә, 25 июндә, Австрия баш ҡалаһында, Башҡортостан Республикаһының көндәре сиктәрендә, «Һабантуй» байрамы үтте.
«Һабантуй»ҙа мастер-класстар, спорт ярыштары, йәрминкәһеләр һәм халыҡ уйындары. 18:00 сәғәттә концерт программаһы башланды. Унда Фәйзи Ғәскәров исемендәге дәүләт академия халыҡ бейеүҙәре ансамбле, Башҡортостан Республикаһының халыҡ ҡоралдары Милли оркестры (Л.Дәүләтбәев етәксеһе), Башҡортостандың һәм Татарстандың халыҡ артисы Айдар Ғалимов һәм «Узорица» фольклор ансамбле сығыш яһанылар.
Сығанаҡ: https://kulturarb.ru/ru/news/v-avstrijskoj-respublike-prohodit-prazdnik-sabantuj 
 ","
	Шаршамбы, 26 июнь 2019",Яңылыҡтар,Na
https://kulturarb.ru/ba/news/nurmөhәmәt-hәҙrәt-niғmәtullin-arabyҙҙan-kitte, Нурмөхәмәт хәҙрәт Ниғмәтуллин арабыҙҙан китте... ,Na,"

Бөгөн Өфөлә Башҡортостан мосолмандары Диниә назаратының элекке рәйесе Нурмөхәмәт хәҙрәт Ниғмәтуллин 73-сө йәшендә арабыҙҙан китте. Нурмөхәмәт Мәғәфүр улы Ниғмәтуллин Башҡортостан Республикаһының Баймаҡ районы Сибай эшселәр ҡасабаһында (хәҙерге Сибай ҡалаһы) 1946 йылдың 8 декабрендә тыуған.
1979 йылдан алып Мосолмандарҙың Үҙәк диниә назаратында яуаплы секретарь була. 1983 йыл — Беренсе йәмиғ мәсетенең имам‑хатибы. 1992 йылдан — Башҡортостан мосолмандарының Диниә назараты президиумы рәйесе. 1994—1996 йылдарҙа — Рәсәй мосолмандары Диниә назаратының Юғары координация үҙәге, 1996 йылдан — Рәсәй Мөфтөйҙәре советы ағзаһы. Р. Фәхретдинов исемендәге мәҙрәсәне ойоштороусыларҙың береһе.
Быйыл 29 апрелдә Башҡортостан мосолмандарының Диниә назараты президиумы ултырышында Нурмөхәмәт хәҙрәт Ниғмәтуллин рәсми рәүештә мөфтиәт башлығы вәкәләттәрен һалды. Ваҡытлыса рәйес итеп мөфтөй урынбаҫары, имам Айнур хәҙрәт Бирғәлин һайланды.
Хәҙер республикала 1 300 мосолман мәхәлләһенең 737-һе Башҡортостан мосолмандарының Диниә назаратына ҡарай.
Ул Рәсәй Мөфтөйҙәре советы ордены менән бүләкләнгән.Дүрт ҡыҙ тәрбиәләп үҫтергән.
 ","
	Шаршамбы, 26 июнь 2019",Яңылыҡтар,Na
https://kulturarb.ru/ba/news/bөgөn-bashdramteatrҙa-bomba, Бөгөн Башдрамтеатрҙа «Бомба»! ,Na,"

Әле генә Мәжит Ғафури исемендәге Башҡорт академия драма театры сәхнәһендә Башҡортостандың халыҡ артисы Азамат Ғафаровтың юбилей кисәһе үтте. Ә инде бөгөн  сәхнәлә Азамат Ғафаров «Бомба»  исемле яңы спектаклдә төп ролде башҡара.
Спектакль авторҙары: режиссеры – Фирғәт Ғарипов, рәссам – Рөстәм Баймөхәмәтов, композитор – Вәсил Ғафаров, хореограф – Рәмизә Мөхәмәтшина, видеоинженер – Роман Пожидаев.
Ролдәрҙә: Рәсәйҙең атҡаҙанған артисы, Башҡортостандың халыҡ артисы Рәүис Заһитов, Башҡортостандың халыҡ артисткаһы Гүзәл Маликова, Башҡортостандың халыҡ артисткаһы Шәүрә Дилмөхәмәтова-Әхмәдуллина, Башҡортостан Республикаһының атҡаҙанған һәм халыҡ артисы Азамат Ғафаров, Башҡортостан Республикаһының атҡаҙанған артисы Хәким Мортазин, Руслан Хайсаров, Айнур Ситдиҡов, Зилиә Хәлилова, Гөлмирә Исмәғилева, Юлиә Асҡарова, Айҙар Шәмсетдинов.
 ","
	Шаршамбы, 26 июнь 2019",Яңылыҡтар,Na
https://kulturarb.ru/ba/news/ajrat-abushahmanov-pskov-tamashasylarynyң-kuңelen-yaulany, Айрат Абушахманов Псков тамашасыларының куңелен яуланы ,Na,"

24 июндә, Псков академия драма театрының «Яҙыусылар тураһында театр» лабораторияһында еңеү яуланы. Айрат Әхтәм улы «Пленные духи» спектакленән өҙөк сәхнәләштерҙе.Быйылғы лаборатория А.С.Пушкин, И.А.Крылов һәм А.И.Солженицындың юбилейҙарына бағышланды.
Өҙөккә эксперт советы – Нияз Иғламов (Ҡазан), Жанна Зарецкая (Санкт-Петербург), Оксана Кушляева (Санкт-Петербург) – «5» балл ҡуйҙылар. Ә тамашасылар – «4,80» балл.
Әйткәндәй, лабораторияның ҡағиҙәһе буйынса,еңеүсе — Псков академия драма театры сәхнәһендә тулы спектакль ҡуясаҡ.
 ","
	Шаршамбы, 26 июнь 2019",Яңылыҡтар,Na
https://kulturarb.ru/ba/news/bashҡortostanda-ҡymyҙ-etno-festivale-ojoshtorola, Башҡортостанда ҡымыҙ этно-фестивале ойошторола ,Na,"

Июль аҙағында Өфөлә «Аҡбуҙат» ипподромында «Йәйләү» тип аталған байрам үткәрелә. Ул башҡорт ҡымыҙының данын киңерәк таратыу маҡсатынан уҙғарыла.
Сығанаҡ: https://bash.news/news/99156_bashortostanda_ymy_etnofestivale_ojoshtorola?lang=bash 

 ","
	Шишәмбе, 25 июнь 2019",Яңылыҡтар,Na
https://kulturarb.ru/ba/news/rәsәj-tөbәktәrendә-bashҡortostandyң-100-jyllyғy-uңajynan-һabantujҙar-ojoshtorola,  Рәсәй төбәктәрендә Башҡортостандың 100 йыллығы уңайынан һабантуйҙар ойошторола ,Na,"

Рәсәй төбәктәрендә халыҡ байрамдары – һабантуйҙар бара. Быйыл улар Башҡортостандың ойошторолоуына 100 йыл тулыуға арналған.
Иҫегеҙгә төшөрәбеҙ, 8 июндә тәүгеләрҙән булып халыҡ байрамын Һарытау өлкәһендә йәшәүселәр үткәрҙе. 15-16 июндә Ҡурған өлкәһендә, Пермь крайында, Ханты-Манси автономиялы округында һәм Екатеринбург ҡалаһында һабантуйҙар уҙҙы. Рәсми делегациялар составында республиканың Миәкә, Ҡыйғы, Бүздәк, Салауат, Ишембай, Дүртөйлө райондары вәкилдәре ҡатнашты.
Шулай уҡ республика рәсми делегацияларының халыҡ байрамдарында ҡатнашыуы дауам итә.
29 июндә Ленинград өлкәһендә һабантуй була. Унда Башҡортостандың Ғафури һәм Стәрлебаш райондары вәкилдәре ҡатнаша. Байрам барышында Башҡортостан Республикаһының Халыҡтар дуҫлығы йорто һәм Ленинград өлкәһенең Дуҫлыҡ йорто араһында хеҙмәттәшлек тураһында килешеү төҙөлә.
29 июндә Һамар өлкәһендә Бөтә Рәсәй ауыл һабантуйы уҙғарыла, Башҡортостандан унда Нуриман районы һәм Учалы филармонияһы ҡатнаша.
6 июлдә Мәскәүҙә, Силәбе өлкәһенең Троицк ҡалаһында һәм Һамарҙа Хәйбулла, Кушнаренко, Күгәрсен районы, Октябрьский ҡалаһы вәкилдәре ҡатнашлығында байрамдар ойошторола.
20 июлдә Свердловск өлкәһе Сысерт районында һабантуй була.
27 июлдә Ырымбурҙа һабан байрамы үткәрелә.
Бөтә һабантуйҙарҙа этно-фольклор башҡорт тирмәһен ҡороу, ижади коллективтарҙың сығышы, ҡунаҡтарҙы башҡорт милли ризыҡтары менән һыйлау, халыҡ кәсептәре әйберҙәре күргәҙмә-йәрминкәһен ойоштороу күҙаллана.
Фотоһүрәт: социаль силтәренән
 
 ","
	Шишәмбе, 25 июнь 2019",Яңылыҡтар,Na
https://kulturarb.ru/ba/news/znamenityj-bashkirskij-multiinstrumentalist-zainetdin-stal-uchastnikom-programmy-pole-chudes-copy, Башҡорт мультиинструменталист Зәйнетдин «Мөғжизәләр яланы»нда ҡатнашты ,Na,"

Беренсе каналдың иң билдәле уйын программаларының береһендә яҡташыбыҙ, танылған мультиинструменталист, «Zainetdin» шоу-проектың етәксеһе Зәгир Зәйнетдинов ҡатнашты.

«Мин бала саҡтан уҡ ошо барабанды үҙем өрөлтөп ҡарау хыялы менән янғанмын, ә бына маҡсатын тормошҡа ашыра алдым. Тормош – ул иҫ киткес дана», - ти Зәйнетдин.

«Мөғжизәләр яланы» студияһында Башҡортостаныбыҙ данын күтәреп, башҡорт халык йырын өзләү, ҡумыҙ һәм ҡурай аша уйнап ишттерә. Леонид Якубовичтың үҙенә дә сәк-сәк, бауырһаҡ, бал, башҡорт сәйҙәре һәм ҡымыҙ кеүек милли аш-һыу бүләк итеп ҡыуандырҙы. Ә үҙе уйын барышында компьютер отоу мөмкинлеген алды.
«Мөғжизәләр яланы» программаһынан өҙөк: https://vk.com/video70175590_456239254
Сығанаҡ: https://kulturarb.ru/ru/news/znamenityj-bashkirskij-multiinstrumentalist-zainetdin-stal-uchastnikom-programmy-pole-chudes
 ","
	Шишәмбе, 25 июнь 2019",Яңылыҡтар,Na
